{"cameraMode":{"drawMode":0,"name":"Shaded","section":"Shading Mode"},"sceneLighting":false,"audioPlay":false,"sceneViewState":{"showFog":true,"showMaterialUpdate":false,"showSkybox":false,"showFlares":true,"showImageEffects":true,"showParticleSystems":true,"showVisualEffectGraphs":true,"m_FxEnabled":true},"in2DMode":false,"pivot":{"x":321.9353332519531,"y":107.70709991455078,"z":-303.17523193359377},"rotation":{"x":0.0012906413758173586,"y":0.9973413348197937,"z":-0.07073982805013657,"w":0.018255261704325677},"size":3.0553407669067385,"orthographic":false}