{"cameraMode":{"drawMode":0,"name":"Shaded","section":"Shading Mode"},"sceneLighting":true,"audioPlay":false,"sceneViewState":{"showFog":true,"showMaterialUpdate":false,"showSkybox":true,"showFlares":true,"showImageEffects":true,"showParticleSystems":true,"showVisualEffectGraphs":true,"m_FxEnabled":true},"in2DMode":false,"pivot":{"x":-0.4405461847782135,"y":3.999006509780884,"z":3.68963623046875},"rotation":{"x":0.002551716985180974,"y":0.9929064512252808,"z":-0.11701472848653794,"w":0.02146870084106922},"size":1.1022706031799317,"orthographic":false}