{"cameraMode":{"drawMode":0,"name":"Shaded","section":"Shading Mode"},"sceneLighting":true,"audioPlay":false,"sceneViewState":{"showFog":true,"showMaterialUpdate":false,"showSkybox":true,"showFlares":true,"showImageEffects":true,"showParticleSystems":true,"showVisualEffectGraphs":true,"m_FxEnabled":true},"in2DMode":false,"pivot":{"x":-28.999454498291017,"y":14.223133087158204,"z":-14.940034866333008},"rotation":{"x":0.1919919103384018,"y":0.46965643763542178,"z":-0.10540440678596497,"w":0.8552645444869995},"size":1.1022706031799317,"orthographic":false}