{"cameraMode":{"drawMode":0,"name":"Shaded","section":"Shading Mode"},"sceneLighting":false,"audioPlay":false,"sceneViewState":{"showFog":true,"showMaterialUpdate":false,"showSkybox":false,"showFlares":true,"showImageEffects":true,"showParticleSystems":true,"showVisualEffectGraphs":true,"m_FxEnabled":true},"in2DMode":false,"pivot":{"x":-2.6229443550109865,"y":-4.048209190368652,"z":22.823646545410158},"rotation":{"x":-0.09748415648937226,"y":0.058778904378414157,"z":-0.005765578709542751,"w":-0.9934936761856079},"size":11.689947128295899,"orthographic":false}