{"cameraMode":{"drawMode":0,"name":"Shaded","section":"Shading Mode"},"sceneLighting":true,"audioPlay":false,"sceneViewState":{"showFog":true,"showMaterialUpdate":false,"showSkybox":true,"showFlares":true,"showImageEffects":true,"showParticleSystems":true,"showVisualEffectGraphs":true,"m_FxEnabled":true},"in2DMode":false,"pivot":{"x":-17.283620834350587,"y":0.6331517696380615,"z":-7.386002540588379},"rotation":{"x":-0.011634249240159989,"y":0.9301679730415344,"z":-0.029600542038679124,"w":-0.3658149838447571},"size":12.12435531616211,"orthographic":false}