{"cameraMode":{"drawMode":0,"name":"Shaded","section":"Shading Mode"},"sceneLighting":true,"audioPlay":false,"sceneViewState":{"showFog":true,"showMaterialUpdate":false,"showSkybox":true,"showFlares":true,"showImageEffects":true,"showParticleSystems":true,"showVisualEffectGraphs":true,"m_FxEnabled":true},"in2DMode":false,"pivot":{"x":3.6266837120056154,"y":0.748859703540802,"z":-16.745494842529298},"rotation":{"x":0.00031069625401869416,"y":0.9997093677520752,"z":-0.015306059271097184,"w":0.019798412919044496},"size":12.12435531616211,"orthographic":false}